<?xml version="1.0" encoding="UTF-8"?>
<project-private xmlns="http://www.netbeans.org/ns/project-private/1">
    <editor-bookmarks xmlns="http://www.netbeans.org/ns/editor-bookmarks/2" lastBookmarkId="1">
        <file>
            <url>src/Customer.java</url>
            <bookmark id="1">
                <name/>
                <line>20</line>
                <key/>
            </bookmark>
        </file>
    </editor-bookmarks>
    <open-files xmlns="http://www.netbeans.org/ns/projectui-open-files/2">
        <group>
            <file>file:/Users/davidrobinson/Desktop/School/CMPSC221/FlightScheduler2DavidRobinsondpr5177/src/GUIFrame.java</file>
            <file>file:/Users/davidrobinson/Desktop/School/CMPSC221/FlightScheduler2DavidRobinsondpr5177/src/Waitlist.java</file>
            <file>file:/Users/davidrobinson/Desktop/School/CMPSC221/FlightScheduler2DavidRobinsondpr5177/src/Customer.java</file>
            <file>file:/Users/davidrobinson/Desktop/School/CMPSC221/FlightScheduler2DavidRobinsondpr5177/src/BookingEntry.java</file>
            <file>file:/Users/davidrobinson/Desktop/School/CMPSC221/FlightScheduler2DavidRobinsondpr5177/src/Day.java</file>
            <file>file:/Users/davidrobinson/Desktop/School/CMPSC221/FlightScheduler2DavidRobinsondpr5177/src/Flight.java</file>
            <file>file:/Users/davidrobinson/Desktop/School/CMPSC221/FlightScheduler2DavidRobinsondpr5177/src/BookingsQueries.java</file>
            <file>file:/Users/davidrobinson/Desktop/School/CMPSC221/FlightScheduler2DavidRobinsondpr5177/src/WaitlistQueries.java</file>
        </group>
    </open-files>
</project-private>
